filename,logo
882748860.jpg,Nbc
231655451.jpg,Puma
43671206.jpg,Ferrari
3088829946.jpg,Pepsi
3890972492.jpg,Heineken
428085258.jpg,Google
4493513795.jpg,Google
4605631045.jpg,Adidas
388483008.jpg,Starbucks
246526320.jpg,Cocacola
4621612035.jpg,Ferrari
51660551.jpg,DHL
3828086787.jpg,DHL
51660552.jpg,DHL
3667849273.jpg,Fedex
18945268.jpg,Cocacola
4578493801.jpg,Ferrari
1354674694.jpg,Cocacola
2111299790.jpg,Intel
2983583413.jpg,Pepsi
3065654531.jpg,Apple
4056335981.jpg,Fedex
4623943974.jpg,Heineken
4694467394.jpg,Yahoo
4129431162.jpg,Citroen
2801899525.jpg,Sprite
3571331128.jpg,Nbc
451265524.jpg,Adidas
4122049731.jpg,Vodafone
4763210295.jpg,Adidas
4599548273.jpg,DHL
132888485.jpg,Cocacola
3321350350.jpg,Ford
98498585.jpg,Porsche
2874574766.jpg,BMW
3116688672.jpg,Nbc
2256858637.jpg,HP
4077900663.jpg,Porsche
3422008846.jpg,DHL
2780928833.jpg,Google
3190306185.jpg,Apple
99816106.jpg,Puma
3250788579.jpg,HP
4422086623.jpg,Ford
258770610.jpg,Vodafone
2887641700.jpg,McDonalds
3534174626.jpg,Citroen
4724828428.jpg,Nbc
498161252.jpg,Puma
3496048941.jpg,HP
3655901349.jpg,HP
4185986382.jpg,Vodafone
4208076672.jpg,Porsche
159166596.jpg,DHL
447227594.jpg,Heineken
4018954001.jpg,HP
153237185.jpg,Intel
844909343.jpg,Nbc
7787186.jpg,Adidas
2531530868.jpg,Nike
2777121253.jpg,Google
390321909.jpg,Adidas
2401584750.jpg,Apple
4512438754.jpg,Cocacola
3580857943.jpg,RedBull
2578628547.jpg,Puma
339019736.jpg,Fedex
4169127109.jpg,Heineken
2958187326.jpg,Mini
3907306056.jpg,Texaco
2654519236.jpg,Yahoo
2553832700.jpg,Adidas
1833817340.jpg,Intel
2587818591.jpg,Fedex
3531294484.jpg,Sprite
4261671591.jpg,Heineken
239985057.jpg,McDonalds
3261970877.jpg,McDonalds
4757315595.jpg,McDonalds
4763847308.jpg,Adidas
4315831502.jpg,Porsche
2809730445.jpg,Nbc
2175802759.jpg,Texaco
3948869874.jpg,Nike
4387407495.jpg,Sprite
2783736621.jpg,Google
4310191138.jpg,Unicef
3202360116.jpg,Pepsi
3988463526.jpg,RedBull
3006946827.jpg,Apple
3514397412.jpg,Ford
3895511729.jpg,Puma
3732387125.jpg,Adidas
3171215617.jpg,Cocacola
3766774652.jpg,Apple
3963201475.jpg,Nike
82412168.jpg,Yahoo
4486111617.jpg,Sprite
3259683064.jpg,McDonalds
3342270648.jpg,Sprite
108232382.jpg,Citroen
779749903.jpg,Nbc
362855616.jpg,Fedex
310688144.jpg,Google
3586306186.jpg,Pepsi
3055058872.jpg,Ferrari
3361771335.jpg,Nike
3528741517.jpg,Mini
4211723816.jpg,Apple
2656406197.jpg,Vodafone
4682534504.jpg,Yahoo
360966316.jpg,Porsche
3786492252.jpg,Heineken
3669539019.jpg,Fedex
4219499614.jpg,Ford
2518709496.jpg,Nbc
4226875900.jpg,Citroen
3752341982.jpg,Nike
189568643.jpg,Intel
4253420625.jpg,BMW
4641707954.jpg,Fedex
145074777.jpg,Adidas
3491687556.jpg,DHL
4316555119.jpg,Nike
4451970390.jpg,Cocacola
4225050520.jpg,RedBull
2317967173.jpg,HP
2530090035.jpg,Nbc
3577850173.jpg,Citroen
4347515520.jpg,Fedex
3854044541.jpg,Yahoo
3765988249.jpg,DHL
413894023.jpg,Intel
2516793607.jpg,Mini
2168708196.jpg,Yahoo
4737345823.jpg,Fedex
1888260223.jpg,Vodafone
3907298910.jpg,Texaco
3177582448.jpg,Pepsi
111389662.jpg,Intel
2618900486.jpg,Sprite
4023480867.jpg,Cocacola
2090094285.jpg,DHL
123937306.jpg,Mini
391805226.jpg,Cocacola
2926640633.jpg,Texaco
3223329020.jpg,RedBull
2674622648.jpg,Citroen
3904333688.jpg,Google
791925651.jpg,Adidas
2913811697.jpg,McDonalds
4120098544.jpg,Yahoo
2698169582.jpg,Texaco
2729995962.jpg,HP
3289829246.jpg,Cocacola
212161092.jpg,RedBull
2844210941.jpg,Pepsi
3469867139.jpg,Yahoo
3373561589.jpg,RedBull
4284675151.jpg,Unicef
474572183.jpg,Cocacola
3726202356.jpg,BMW
4218732095.jpg,Ford
2534155497.jpg,Adidas
3734548574.jpg,HP
2422219264.jpg,Starbucks
4346142355.jpg,Unicef
4213622833.jpg,Sprite
3745298879.jpg,Ford
3785668123.jpg,Heineken
335747955.jpg,HP
3888553492.jpg,Puma
3089967648.jpg,BMW
3189246589.jpg,Pepsi
3979038472.jpg,Ferrari
339296129.jpg,Apple
3900599890.jpg,Starbucks
229840376.jpg,Starbucks
4764653103.jpg,DHL
3497593254.jpg,McDonalds
145116964.jpg,Intel
43608011.jpg,Mini
3311766713.jpg,Ford
3455836079.jpg,Ferrari
3165553650.jpg,Puma
2938026725.jpg,Ford
3621549337.jpg,BMW
4698952282.jpg,BMW
3261774945.jpg,Apple
2677577557.jpg,McDonalds
2350505168.jpg,DHL
3325271357.jpg,Fedex
4288066329.jpg,Unicef
2515731280.jpg,Texaco
3324939734.jpg,Ford
2421560364.jpg,Nbc
4618294181.jpg,BMW
490597155.jpg,McDonalds
386891274.jpg,Yahoo
557839607.jpg,Nbc
4109425486.jpg,RedBull
2941703909.jpg,RedBull
4491308340.jpg,Porsche
3193687005.jpg,DHL
2403699729.jpg,Adidas
3960429630.jpg,Heineken
2777979668.jpg,Google
4507852944.jpg,Porsche
255547402.jpg,BMW
2427198460.jpg,Nike
2548848227.jpg,Fedex
4253102363.jpg,Citroen
3415435326.jpg,Citroen
2650126854.jpg,McDonalds
213783134.jpg,Fedex
3682264340.jpg,Unicef
4199842585.jpg,Citroen
3570522135.jpg,Nbc
2982186650.jpg,Unicef
4448830339.jpg,Cocacola
2767698530.jpg,Vodafone
4373836086.jpg,Heineken
2457001875.jpg,Puma
1075391489.jpg,Nbc
2620571508.jpg,Vodafone
3496862594.jpg,HP
4584588907.jpg,Google
4763207899.jpg,Adidas
3230189747.jpg,McDonalds
468087631.jpg,HP
4472726837.jpg,Porsche
542894584.jpg,Cocacola
1492071424.jpg,HP
320803821.jpg,Intel
4346890164.jpg,Unicef
28271069.jpg,Fedex
513227877.jpg,Ferrari
109950015.jpg,Mini
3051999324.jpg,Heineken
3271369237.jpg,Vodafone
2407784266.jpg,Intel
389081363.jpg,Starbucks
4553341804.jpg,Heineken
4582547214.jpg,Google
4525736729.jpg,RedBull
202435355.jpg,Mini
2583801040.jpg,Apple
2423654138.jpg,Vodafone
3734587026.jpg,HP
4213412628.jpg,Porsche
4653393540.jpg,Pepsi
1358914296.jpg,RedBull
2121332821.jpg,Citroen
3743856885.jpg,Intel
4061203382.jpg,Adidas
1251769192.jpg,Heineken
4720150629.jpg,Citroen
2646033238.jpg,RedBull
2680574577.jpg,Fedex
3117510822.jpg,Pepsi
4702500410.jpg,Nbc
3119389772.jpg,Vodafone
198509094.jpg,Intel
4645582512.jpg,Intel
1381841108.jpg,Mini
2774437111.jpg,Google
4223850527.jpg,Texaco
2681480174.jpg,McDonalds
2472817996.jpg,Yahoo
4434414.jpg,Vodafone
3101679471.jpg,Google
2786523391.jpg,Google
4210274024.jpg,Apple
3892997631.jpg,Nike
390297596.jpg,Yahoo
3906524725.jpg,Texaco
3259516433.jpg,Citroen
228153666.jpg,Starbucks
4152834821.jpg,RedBull
4429895221.jpg,RedBull
282208842.jpg,Puma
2891341625.jpg,Nike
3528942547.jpg,Pepsi
788959598.jpg,Ferrari
82413169.jpg,Yahoo
1690276845.jpg,Porsche
3152384527.jpg,Texaco
444595750.jpg,Nbc
3625726534.jpg,BMW
605288903.jpg,Nike
144503924.jpg,Adidas
4416492947.jpg,Nike
2514607078.jpg,Ford
96668817.jpg,Puma
3490411517.jpg,Unicef
3834509832.jpg,Vodafone
4250525590.jpg,DHL
4218731913.jpg,Ford
2818828296.jpg,Starbucks
2450743885.jpg,Adidas
2960027434.jpg,Pepsi
3039312526.jpg,Texaco
1224628248.jpg,Ferrari
399293334.jpg,Citroen
4405304896.jpg,Heineken
4435973547.jpg,BMW
2989750063.jpg,DHL
2767935306.jpg,Yahoo
3343182248.jpg,BMW
3907307172.jpg,Texaco
4761260517.jpg,Adidas
3563528611.jpg,Porsche
3728967967.jpg,Nbc
2418409523.jpg,Starbucks
4365790620.jpg,McDonalds
3858957735.jpg,McDonalds
4573390606.jpg,Nike
3408406007.jpg,Vodafone
2855164257.jpg,Nike
2866536247.jpg,Sprite
2988490694.jpg,Pepsi
282628483.jpg,Puma
4290942909.jpg,Texaco
4505787674.jpg,Mini
2533950636.jpg,Google
2476100758.jpg,Cocacola
2224243813.jpg,Mini
2792076321.jpg,DHL
3190245804.jpg,Pepsi
3665300694.jpg,BMW
2550056374.jpg,Adidas
3513049256.jpg,Apple
4253115679.jpg,Ford
2209126349.jpg,DHL
2652633857.jpg,Intel
4369857005.jpg,Sprite
3118428220.jpg,Pepsi
1107796028.jpg,Citroen
2616906744.jpg,McDonalds
3820383802.jpg,Unicef
2180293872.jpg,DHL
193274877.jpg,Sprite
321721915.jpg,DHL
4743157495.jpg,Citroen
3951357997.jpg,RedBull
4537970631.jpg,Porsche
427097328.jpg,Mini
2514220918.jpg,Yahoo
4283515483.jpg,Unicef
3283915433.jpg,HP
4080113868.jpg,Google
4205812739.jpg,Nbc
455162201.jpg,DHL
3213763363.jpg,Pepsi
2421111243.jpg,Starbucks
2725772074.jpg,BMW
3239862307.jpg,Starbucks
4013254976.jpg,Heineken
4759888406.jpg,Google
2132909220.jpg,Google
2452451692.jpg,Nbc
117933049.jpg,Mini
1925162720.jpg,Intel
362712915.jpg,Fedex
3733440395.jpg,Apple
2080839955.jpg,Citroen
2463217235.jpg,Ford
3496863144.jpg,HP
2421405885.jpg,Starbucks
144488978.jpg,Nike
4417603925.jpg,Ford
436255718.jpg,DHL
335747797.jpg,HP
228464385.jpg,Starbucks
3836904950.jpg,Nike
4771735876.jpg,Unicef
51660550.jpg,DHL
3456463952.jpg,BMW
3091292844.jpg,McDonalds
1597577216.jpg,Nike
4621621793.jpg,Unicef
281143123.jpg,Starbucks
3496048421.jpg,HP
2609822722.jpg,Nike
2867420595.jpg,Unicef
2993064866.jpg,Starbucks
19731441.jpg,Sprite
4456691378.jpg,Texaco
2650497443.jpg,Pepsi
2865521932.jpg,Mini
2451569770.jpg,Adidas
4181108300.jpg,Apple
2073826793.jpg,McDonalds
2839448306.jpg,Google
2789664089.jpg,BMW
3947084971.jpg,Unicef
2858462390.jpg,Puma
4211723698.jpg,Apple
3231989873.jpg,Vodafone
3761584256.jpg,Texaco
3103735966.jpg,Pepsi
4750267378.jpg,Sprite
3294282629.jpg,Adidas
4162347545.jpg,Cocacola
4384704926.jpg,Ford
3237339381.jpg,Pepsi
3161927635.jpg,Pepsi
3164722529.jpg,Puma
3270796445.jpg,Ferrari
3244264597.jpg,Heineken
2329810624.jpg,DHL
2348900650.jpg,Fedex
3645362205.jpg,Ferrari
2485974348.jpg,Ford
653466096.jpg,Citroen
79556016.jpg,Intel
2794725337.jpg,Nbc
2073319900.jpg,RedBull
2789662807.jpg,BMW
2246298716.jpg,RedBull
3101502490.jpg,RedBull
3953312516.jpg,Sprite
2716412211.jpg,Nbc
3618901730.jpg,RedBull
3981421654.jpg,Citroen
4200918689.jpg,Cocacola
3119389942.jpg,Vodafone
2274089022.jpg,Apple
4449683069.jpg,Ferrari
2445745857.jpg,Citroen
1358914336.jpg,RedBull
2176584286.jpg,Texaco
165691999.jpg,Ford
3652933741.jpg,Apple
3153892834.jpg,Porsche
4534861651.jpg,Porsche
2228221904.jpg,Ford
2662264721.jpg,RedBull
3424492874.jpg,Porsche
3154099645.jpg,Pepsi
4329940418.jpg,BMW
3005794070.jpg,Adidas
1111800334.jpg,Texaco
3967091276.jpg,Ferrari
3153222474.jpg,Texaco
4408640253.jpg,Unicef
3602903123.jpg,Vodafone
1224626332.jpg,Ferrari
3308750600.jpg,Adidas
194328418.jpg,Cocacola
272645705.jpg,Google
3256349355.jpg,Citroen
4449281604.jpg,Citroen
3023420658.jpg,Apple
2070616132.jpg,BMW
3729765088.jpg,McDonalds
4370721779.jpg,Citroen
4669468410.jpg,DHL
1639660678.jpg,Porsche
4707086638.jpg,RedBull
3206116179.jpg,Ferrari
4233825758.jpg,Citroen
2274303482.jpg,Unicef
386268634.jpg,Cocacola
3707178119.jpg,Vodafone
3521287781.jpg,Puma
3349950493.jpg,Texaco
3189955469.jpg,Pepsi
3002734592.jpg,Yahoo
89201664.jpg,McDonalds
3846421099.jpg,Ford
2584787090.jpg,Nike
3880542136.jpg,McDonalds
3907299992.jpg,Texaco
3786440680.jpg,Heineken
3788581334.jpg,DHL
2675240646.jpg,HP
2423655766.jpg,Vodafone
3734516894.jpg,HP
2766150734.jpg,Google
4336482746.jpg,Adidas
470289641.jpg,Apple
2237130264.jpg,BMW
4043571759.jpg,Nike
3817452506.jpg,Vodafone
3378307349.jpg,Citroen
3218275786.jpg,BMW
1263617360.jpg,HP
42948260.jpg,Sprite
3491655774.jpg,Sprite
170557401.jpg,Heineken
4788413611.jpg,Ford
2792546855.jpg,Mini
3270797445.jpg,Puma
4445560611.jpg,Unicef
3835918737.jpg,McDonalds
2175812747.jpg,Texaco
4219499546.jpg,Ford
1508285598.jpg,RedBull
3373563795.jpg,RedBull
4576205927.jpg,Starbucks
3099884211.jpg,Citroen
310764290.jpg,RedBull
4185417313.jpg,Porsche
4749623965.jpg,Fedex
2615405816.jpg,RedBull
3484102206.jpg,Texaco
3330276462.jpg,Intel
320803742.jpg,Intel
355018646.jpg,Nike
4443388098.jpg,Mini
4316401444.jpg,DHL
2562313655.jpg,Starbucks
455131100.jpg,Mini
229746392.jpg,Nike
3299731311.jpg,Ferrari
3972897298.jpg,Yahoo
50302921.jpg,Google
4406609329.jpg,Unicef
2244358347.jpg,Sprite
284602830.jpg,McDonalds
4254091188.jpg,Mini
1412494805.jpg,DHL
3323870855.jpg,Mini
1391981336.jpg,Starbucks
4427242482.jpg,Cocacola
3168295809.jpg,Nike
1402065041.jpg,Porsche
332368134.jpg,Vodafone
2126991906.jpg,Yahoo
2760763703.jpg,Puma
3930801475.jpg,HP
4257763673.jpg,Puma
3046979862.jpg,Fedex
3204050952.jpg,HP
4581405295.jpg,Ferrari
4731055503.jpg,Nike
513620863.jpg,Nike
3547613093.jpg,Porsche
4330810490.jpg,Sprite
4367483371.jpg,Texaco
4400566703.jpg,BMW
4064818171.jpg,Mini
18526789.jpg,Heineken
4283515433.jpg,Unicef
320988997.jpg,Unicef
3739623921.jpg,BMW
3187422169.jpg,Apple
4353886132.jpg,Google
2656155309.jpg,Nbc
3850753534.jpg,Sprite
397194032.jpg,Puma
4079945682.jpg,Texaco
3300554626.jpg,Ferrari
3777915073.jpg,Fedex
3510604107.jpg,Heineken
40394187.jpg,HP
4061203190.jpg,Adidas
4191201241.jpg,Starbucks
13455389.jpg,HP
2459989055.jpg,Fedex
3386936621.jpg,Citroen
170453766.jpg,Vodafone
4426526983.jpg,Porsche
4701866293.jpg,Nbc
2413159667.jpg,Intel
3164722903.jpg,Puma
3125626922.jpg,Apple
3201785057.jpg,HP
3800082210.jpg,Heineken
4049367740.jpg,Sprite
2519368987.jpg,Pepsi
3301525494.jpg,Porsche
3872220190.jpg,Sprite
3335592732.jpg,Unicef
2350426312.jpg,Fedex
3797114221.jpg,Yahoo
3473801010.jpg,McDonalds
3088544942.jpg,Fedex
4563793158.jpg,RedBull
2356560497.jpg,Sprite
2938879364.jpg,Ford
1408921955.jpg,Mini
3678571616.jpg,Puma
354643240.jpg,Apple
3578893662.jpg,Pepsi
351548830.jpg,Nike
3705989051.jpg,Vodafone
2792685284.jpg,Yahoo
1484583303.jpg,Starbucks
3778060828.jpg,Starbucks
4684596669.jpg,Unicef
3002642406.jpg,Pepsi
4211723460.jpg,Apple
255740214.jpg,Ford
2201490255.jpg,Ferrari
4602079969.jpg,Heineken
3654131280.jpg,Unicef
3953073564.jpg,Cocacola
4348579451.jpg,Unicef
2460201219.jpg,Nbc
418635708.jpg,Apple
320988995.jpg,Unicef
233507685.jpg,Cocacola
3697311253.jpg,DHL
2149071419.jpg,Sprite
3284636128.jpg,Mini
2725852441.jpg,Sprite
3906521939.jpg,Texaco
185712356.jpg,BMW
4146264467.jpg,Puma
744776649.jpg,Ford
2333110366.jpg,Intel
3333221097.jpg,BMW
4115509028.jpg,Ferrari
2920077270.jpg,Texaco
452091543.jpg,Porsche
2196352484.jpg,Starbucks
115519078.jpg,DHL
4191547874.jpg,Nbc
2762358474.jpg,Google
2898435362.jpg,Google
4690656866.jpg,Vodafone
1359885883.jpg,Nbc
2868736304.jpg,Intel
3109158407.jpg,Puma
3190556167.jpg,Heineken
3260956088.jpg,Puma
165133120.jpg,Ferrari
3792061769.jpg,Ferrari
1352999361.jpg,Intel
2445338870.jpg,Vodafone
3654162612.jpg,Unicef
3539566827.jpg,Sprite
2921061781.jpg,Intel
3624592154.jpg,Nike
582467906.jpg,Intel
3544071352.jpg,Sprite
3165551816.jpg,Puma
2838426683.jpg,Nike
3369768399.jpg,Citroen
217288720.jpg,Yahoo
4376175015.jpg,Nike
4585454903.jpg,BMW
444194253.jpg,Starbucks
3818214962.jpg,Texaco
4752700666.jpg,Ferrari
3231215333.jpg,Google
3468967682.jpg,DHL
1201452086.jpg,Ford
2795236586.jpg,Apple
3889420667.jpg,Google
3218467456.jpg,Pepsi
4582547170.jpg,Google
2270013615.jpg,Apple
3907306684.jpg,Texaco
2368653535.jpg,Nbc
3579477706.jpg,Mini
2790511610.jpg,BMW
108232417.jpg,Mini
2416565238.jpg,Starbucks
4721737396.jpg,Intel
3147491623.jpg,Heineken
2427200136.jpg,Nike
142479250.jpg,McDonalds
260863506.jpg,McDonalds
4425356623.jpg,McDonalds
3237225190.jpg,Puma
2846084211.jpg,Citroen
2940596257.jpg,Cocacola
2962045.jpg,Cocacola
3350050876.jpg,Ford
3394794243.jpg,Ferrari
4162862374.jpg,HP
4506432358.jpg,Porsche
2439319086.jpg,Starbucks
4771736332.jpg,Unicef
87630579.jpg,Cocacola
250858537.jpg,Mini
2908611911.jpg,Vodafone
4756751062.jpg,Pepsi
4061675184.jpg,Adidas
786529071.jpg,Heineken
3207823105.jpg,Pepsi
386891249.jpg,Yahoo
2777758833.jpg,Google
4152379789.jpg,Vodafone
159166594.jpg,Fedex
4479087754.jpg,HP
2383222548.jpg,Puma
516366872.jpg,Intel
2990076322.jpg,Yahoo
406184685.jpg,Fedex
3831371619.jpg,Heineken
4559760305.jpg,BMW
3462654085.jpg,HP
3992886999.jpg,Yahoo
299768792.jpg,Apple
3103582592.jpg,Fedex
4749057567.jpg,Apple
442337651.jpg,Apple
4763209871.jpg,Adidas
4280085481.jpg,Ford
2568847460.jpg,Starbucks
3841255177.jpg,Starbucks
3270957373.jpg,Unicef
4583055527.jpg,Google
224886291.jpg,Ford
3334662226.jpg,Porsche
372180408.jpg,Pepsi
4598657721.jpg,Porsche
4006128651.jpg,McDonalds
332913436.jpg,Cocacola
128500912.jpg,Cocacola
3571544780.jpg,Ferrari
2519143928.jpg,Ferrari
2727066466.jpg,Yahoo
4499338915.jpg,Adidas
3520033212.jpg,Heineken
3654486044.jpg,Fedex
3165552688.jpg,Puma
3958261033.jpg,Google
3905787011.jpg,Yahoo
3674972656.jpg,Puma
3370538988.jpg,DHL
2900584649.jpg,Sprite
2974365916.jpg,Starbucks
4379408143.jpg,Nbc
4458514217.jpg,Heineken
3585256422.jpg,RedBull
3320880343.jpg,Mini
3541292073.jpg,Adidas
3007885565.jpg,Adidas
3221088943.jpg,Yahoo
4559666515.jpg,RedBull
3107573789.jpg,Yahoo
4600427219.jpg,Intel
2263927086.jpg,Yahoo
3321350768.jpg,Ford
3776295441.jpg,Texaco
3860951501.jpg,Heineken
4524715145.jpg,Puma
2169121853.jpg,Heineken
3274818430.jpg,McDonalds
2766852637.jpg,Vodafone
3531689273.jpg,Vodafone
1230939811.jpg,Adidas
3767119813.jpg,Intel
3270912795.jpg,Starbucks
4570784808.jpg,Texaco
4371354206.jpg,Unicef
3950663671.jpg,Yahoo
50471578.jpg,Yahoo
3429181479.jpg,Porsche
4177800765.jpg,Vodafone
456474304.jpg,Ferrari
3016882365.jpg,Ferrari
2950778833.jpg,Citroen
427128537.jpg,BMW
2795207851.jpg,Porsche
2318775604.jpg,Intel
3933416555.jpg,McDonalds
2978106177.jpg,BMW
704793401.jpg,Sprite
2730165711.jpg,RedBull
18581717.jpg,Mini
4758382348.jpg,Ferrari
208158931.jpg,Nbc
879397507.jpg,Ford
50082240.jpg,Vodafone
427099501.jpg,Mini
4206331221.jpg,Porsche
2435021305.jpg,Cocacola
162002009.jpg,McDonalds
2160849129.jpg,Fedex
2463686290.jpg,RedBull
3369741917.jpg,BMW
3382280605.jpg,Citroen
2920059304.jpg,Starbucks
3969698402.jpg,Heineken
2445982293.jpg,Ferrari
4771691508.jpg,Unicef
3880700257.jpg,Pepsi
3667849173.jpg,Nbc
4006894378.jpg,Fedex
236248972.jpg,Apple
4150061002.jpg,Fedex
281143147.jpg,Starbucks
2364685038.jpg,Intel
1485104539.jpg,Cocacola
2219451836.jpg,Sprite
3405883135.jpg,Mini
4319198593.jpg,Texaco
4195591095.jpg,Nbc
4453898896.jpg,HP
2675240640.jpg,HP
3487994615.jpg,Sprite
4002343429.jpg,Mini
538649986.jpg,Porsche
2435838064.jpg,Cocacola
3320878793.jpg,Mini
3675228207.jpg,Intel
2425891764.jpg,Apple
3428192889.jpg,Fedex
4537956983.jpg,Porsche
3054222264.jpg,Nike
4027042513.jpg,Sprite
2406598998.jpg,Puma